Year,stat
2001,21.04860589
2006,22.44223319
2011,22.62427777
2017,23.26977527
2021,23.74612352
2023,24.39600772
